Título,Categoría,Fecha,Número de Comentarios,Último Comentario
5 TIPS PARA HALLAR AL MEJOR TALENTO,¿Cómo atraer al mejor talento?  Reclutamiento exitoso  ,"4 julio, 2019",0,
¿Trabajar antes de terminar la universidad?,Universitarios  ,"22 agosto, 2018",0,
¿Mucho tiempo libre en vacaciones? Aquí algunos tips,Universitarios  ,"9 julio, 2018",0,
Lo que debes de saber antes de buscar tu primer empleo,Universitarios  ,"2 julio, 2018",0,
"Y, ¿cuáles son tus debilidades?",Profesionistas  Universitarios  ,"22 junio, 2018",0,
Las ventajas de trabajar en verano,Universitarios  ,"20 junio, 2018",0,
¿Cómo mejorar tu CV en vacaciones?,Profesionistas  Universitarios  ,"15 junio, 2018",0,
Las ventajas de leer en vacaciones y algunas recomendaciones,Universitarios  ,"4 junio, 2018",0,
5 consejos para tu examen de admisión a la universidad,Universitarios  ,"1 junio, 2018",0,
Despídete de tu vida universitaria con estas canciones,Universitarios  ,"18 mayo, 2018",0,
¿Por qué cursar materias en verano?,Universitarios  ,"16 mayo, 2018",0,
7 cosas que tienes que hacer antes de salir de la universidad,Universitarios  ,"7 mayo, 2018",0,
¿Cómo sobrevivir a los finales?,Universitarios  ,"30 abril, 2018",0,
¿Cómo elegir una carrera universitaria?,Universitarios  ,"23 abril, 2018",0,
La importancia del portafolio profesional y cómo crear uno,Profesionistas  Universitarios  ,"11 abril, 2018",1,interesante gracias !
¿Para qué y cómo tomar apuntes en clase?,Universitarios  ,"9 abril, 2018",0,
¿Qué hacer en Semana Santa si no saliste de viaje?,Universitarios  ,"28 marzo, 2018",0,
"Llegaron las vacaciones, pero no te olvides de…",Universitarios  ,"26 marzo, 2018",0,
¿Cómo elegir el trabajo ideal mientras estudias?,Profesionistas  Universitarios  ,"12 marzo, 2018",0,
Test ¿Qué tipo de estudiante eres?,Universitarios  ,"9 marzo, 2018",0,
Estudia y trabaja al mismo tiempo sin morir en el intento,Universitarios  ,"23 febrero, 2018",0,
Conoce el panorama laboral de tu carrera,Universitarios  ,"5 febrero, 2018",0,
¿Qué poner en tu CV cuando no tienes experiencia?,Universitarios  ,"2 febrero, 2018",0,
"Adiós pereza, hola método pomodoro",Profesionistas  Universitarios  ,"29 enero, 2018",0,
Test: ¿Qué tipo de líder eres?,Empresarios  Profesionistas  Universitarios  ,"22 enero, 2018",0,
Lo que no te enseñan en el aula,Universitarios  ,"16 enero, 2018",0,
"Nuevo año, nuevas metas",Empresarios  Universitarios  ,"22 diciembre, 2017",2,"Excelentes tips!!!!

GRACIAS NEXTLINE"
¿Cómo evitar perder el ritmo en vacaciones?,Universitarios  ,"18 diciembre, 2017",0,
Herramientas para regalar felicitaciones navideñas,Profesionistas  Universitarios  ,"11 diciembre, 2017",0,
La generación de nuestros padres vs la nuestra,Universitarios  ,"8 diciembre, 2017",0,
¿Cómo disminuir el estrés?,Universitarios  ,"1 diciembre, 2017",0,
¿Vas a egresar? Estos son algunos consejos,Profesionistas  Universitarios  ,"26 noviembre, 2017",0,
¿Cómo tener una entrevista de trabajo exitosa?,Profesionistas  Universitarios  ,"21 noviembre, 2017",0,
Aplicaciones imperdibles para universitarios,Universitarios  ,"5 noviembre, 2017",0,
"Bienvenido, Nextliner",Empresarios  Profesionistas  Universitarios  ,"4 octubre, 2017",0,
¿Mi promedio importa en el ámbito profesional?,Universitarios  ,"2 octubre, 2017",0,
Cómo salir victorioso de los exámenes finales,Universitarios  ,"28 septiembre, 2017",0,
5 consejos para ser más creativo en el mundo del emprendimiento,Empresarios  ,"20 julio, 2018",0,
Salario emocional: lo que no puede faltar en una empresa,Empresarios  Profesionistas  ,"6 julio, 2018",0,
5 consejos para no perder el entusiasmo cuando emprendes,Empresarios  ,"4 julio, 2018",0,
¿Vacaciones para los emprendedores?,Empresarios  ,"13 junio, 2018",0,
Los errores más comunes al contratar personal,Empresarios  ,"11 junio, 2018",0,
Los errores más comunes en los emprendimientos,Empresarios  ,"30 mayo, 2018",0,
Test ¿Qué tipo de emprendedor/a eres?,Empresarios  ,"14 mayo, 2018",0,
¿Qué es el emprendimiento social?,Empresarios  ,"11 mayo, 2018",0,
¿Por qué renuncian los millennials?,Empresarios  ,"20 abril, 2018",0,
¿Quieres emprender? No olvides tu red de contactos,Empresarios  ,"16 abril, 2018",0,
Ventajas y desventajas de reclutar en Internet,Empresarios  ,"6 abril, 2018",0,
Sí se puede emprender y trabajar al mismo tiempo,Empresarios  ,"2 abril, 2018",0,
Herramientas y aplicaciones para emprendedores,Empresarios  ,"5 marzo, 2018",0,
Retos para el reclutamiento de jóvenes en las empresas,Empresarios  ,"26 febrero, 2018",0,
"Home office, pros y contras",Empresarios  Profesionistas  ,"16 febrero, 2018",0,
Test ¿Estás listo para emprender?,Empresarios  ,"6 febrero, 2018",0,
¿Por qué incubar tu empresa?,Empresarios  ,"26 enero, 2018",0,
Nuevas formas de trabajo que los millennials quieren (Parte 2),Empresarios  Profesionistas  ,"22 enero, 2018",0,
¿Cómo cubren las vacantes las empresas?,Empresarios  Profesionistas  ,"8 enero, 2018",0,
Estrategias para motivar a los millennials en el trabajo,Empresarios  ,"15 diciembre, 2017",2,Excelente articulo
Navidad en las empresas,Empresarios  ,"3 diciembre, 2017",0,
Semillero de ideas para emprender,Empresarios  ,"27 noviembre, 2017",0,
¿Cómo redactar vacantes efectivas en Nextline?,Empresarios  ,"20 noviembre, 2017",0,
Hábitos de un líder feliz,Empresarios  ,"17 noviembre, 2017",0,
Nuevas formas de trabajo que los Millennials quieren (parte 1),Empresarios  ,"14 noviembre, 2017",0,
"“Startupismo, metodología de cómo hacer tu ‘changarro’ en 20 pasos”: Fric Martínez",Empresarios  ,"13 noviembre, 2017",0,
Cartelera Nextline,Empresarios  ,"2 octubre, 2017",0,
¿Cómo se perciben los millennials en el trabajo?,Empresarios  ,"2 octubre, 2017",0,
"Fracasos, el condimento del éxito",Empresarios  ,"29 septiembre, 2017",0,
¡Conoce tus derechos laborales!,Profesionistas  ,"18 julio, 2018",0,
¿Cómo sobrevivir el verano en la oficina sin salir de vacaciones?,Profesionistas  ,"11 julio, 2018",0,
Charlar sobre política y las elecciones en el trabajo,Profesionistas  ,"29 junio, 2018",0,
¿Cómo vivir el mundial en tu trabajo?,Profesionistas  ,"27 junio, 2018",0,
La mejor manera de renunciar a un trabajo,Profesionistas  ,"25 junio, 2018",0,
7 canciones para disfrutar el verano,Profesionistas  ,"18 junio, 2018",0,
Test ¿Eres Workaholic?,Profesionistas  ,"8 junio, 2018",0,
¿Cómo buscar trabajo si eres recién egresado?,Profesionistas  ,"6 junio, 2018",0,
¿Currículum con foto?,Profesionistas  ,"27 mayo, 2018",0,
"Natalie y Jonathan, los ganadores del Speed con HP",Profesionistas  ,"25 mayo, 2018",0,
¡Aprende a trabajar en equipo!,Profesionistas  ,"23 mayo, 2018",0,
¿Para qué sirven las referencias laborales?,Profesionistas  ,"21 mayo, 2018",0,
La empatía en el trabajo,Profesionistas  ,"9 mayo, 2018",0,
"Inglés, ¿para qué?",Profesionistas  ,"4 mayo, 2018",0,
Aprende a evitar el estrés laboral,Profesionistas  ,"27 abril, 2018",0,
¿Cómo ser freelance y no morir en el intento?,Profesionistas  ,"25 abril, 2018",1,Yo la verdad no me veo caopaz de dar mas de digamos tres vueltas en un primer intento
Test ¿Qué personalidad eres de tu equipo de trabajo?,Profesionistas  ,"13 abril, 2018",0,
¿Cuáles son las cualidades y habilidades que las empresas buscan en los jóvenes?,Profesionistas  ,"23 marzo, 2018",0,
Errores comunes en las entrevistas de trabajo,Profesionistas  ,"19 marzo, 2018",0,
Speed Interviewing Nextline – HP,Profesionistas  ,"13 marzo, 2018",0,
Lo que buscan los reclutadores en un CV millennial,Profesionistas  ,"2 marzo, 2018",0,
Errores comunes en los CV,Profesionistas  ,"19 febrero, 2018",0,
Las redes sociales también son tu perfil profesional,Profesionistas  ,"12 febrero, 2018",0,
Speed Interviewing Nextline – IBM,Profesionistas  ,"9 febrero, 2018",0,
Guía de inserción profesional,Profesionistas  ,"19 enero, 2018",0,
Estrategia de búsqueda de empleo,Profesionistas  ,"12 enero, 2018",0,
Lo que no puede faltar en tu currículum,Profesionistas  ,"29 noviembre, 2017",0,
¿Cómo saber cuál es tu empresa ideal?,Profesionistas  ,"23 noviembre, 2017",0,
Construye tu Branding personal,Profesionistas  ,"13 noviembre, 2017",0,
El valor que buscan las empresas para contratar Millennials,Profesionistas  ,"4 octubre, 2017",0,
"Luis Mayorquin, el Nextliner integrante de Balero",Profesionistas  ,"4 octubre, 2017",2,Excelente! A seguir incluyendo al talento universitario
¿Ya sabes cuánto vale tu trabajo?,Profesionistas  ,"2 octubre, 2017",0,
"Tu currículum, tu personalidad",Profesionistas  ,"1 octubre, 2017",2,¡Esta padrísimo todo el Blog! ¡Me encanta!
Nextline 2.0,Nosotros  ,"16 julio, 2018",0,
"Paloma López, la nextliner observadora",Nosotros  ,"2 mayo, 2018",1,¡Qué belleza de texto para describir a esta belleza de persona!
"Armando, el nextliner autodidacta y metódico",Nosotros  ,"18 abril, 2018",0,
"Miguel Basilio, el nextliner del trabajo en equipo",Nosotros  ,"4 abril, 2018",0,
"Andrés Torres, el nextliner dedicado",Nosotros  ,"16 marzo, 2018",0,
"Vladimir Rodríguez, el nextliner entusiasta",Nosotros  ,"7 marzo, 2018",0,
"María Fernanda Flores, la nextliner adaptable",Nosotros  ,"28 febrero, 2018",0,
"Luis Llerenas, el nextliner comprometido",Nosotros  ,"21 febrero, 2018",0,
"Diego Cárdenas, el nextliner veloz",Nosotros  ,"14 febrero, 2018",0,
"Katherine Martínez, la nextliner que no deja de intentar",Nosotros  ,"7 febrero, 2018",1,Con todo Kath
"Isabelana Noguez, la nextliner indagadora",Nosotros  ,"31 enero, 2018",0,
"Ander Plascencia, el nextliner que le gusta aprender",Nosotros  ,"23 enero, 2018",0,
"Alejandra Enriquez, la nextliner multitasking",Nosotros  ,"17 enero, 2018",0,
"Carolina Domínguez, la nextliner multifacética",Nosotros  ,"10 enero, 2018",0,
"Alberto Gómez, el nextliner autodidacta",Nosotros  ,"14 diciembre, 2017",0,
"Felipe Barraza, el nextliner de actitud positiva",Nosotros  ,"6 diciembre, 2017",0,
"Martha Herrera, la nextliner artística",Nosotros  ,"29 noviembre, 2017",0,
"Luis Fernando, el Nextliner versátil",Nosotros  ,"22 noviembre, 2017",0,
"Ana Paula Pertierra, la nextliner del sí puedo",Nosotros  ,"14 noviembre, 2017",0,
"David Basilio, la mente emprendedora detrás de Nextline",Nosotros  ,"8 noviembre, 2017",1,"Gran emprendedor, esto es sólo el comienzo"
Equipo Nextline,Nosotros  ,"25 octubre, 2017",2,ME INTERESARIA TRABAJAR PARA NEXTLINE Y ME GUSTARIA FORMAR PARTE DEL EQUIPO NEXTLINE.
